type,E_RMSE,N_RMSE,U_RMSE
gici-spp,14.240121816973758,9.565221951877783,34.46609008762184
gici-rtd,10.008820649409387,7.086573201931136,20.219937970751495
gici-rtk,8.47239928190779,6.028004394243771,18.693859881004073
rtklib-rtk,6.136683864023794,4.4366741832892975,23.93803925284099
